method,seed,n,target,success,quality,runtime_minutes,timed_out,process_status,detail_status,return_code,source_path
ilp,0,10,20,1,20.0,0.01,0,completed,optimal,0,fixed_timeout_runs/ilp/20260630_083954/ilp_summary.csv
ilp,0,11,22,1,22.0,0.01,0,completed,optimal,0,fixed_timeout_runs/ilp/20260630_083954/ilp_summary.csv
ilp,0,12,24,1,24.0,0.03,0,completed,optimal,0,fixed_timeout_runs/ilp/20260630_083954/ilp_summary.csv
ilp,0,13,26,1,26.0,0.05,0,completed,optimal,0,fixed_timeout_runs/ilp/20260630_083954/ilp_summary.csv
ilp,0,14,28,1,28.0,0.13,0,completed,optimal,0,fixed_timeout_runs/ilp/20260630_083954/ilp_summary.csv
ilp,0,15,30,1,30.0,0.44,0,completed,optimal,0,fixed_timeout_runs/ilp/20260630_083954/ilp_summary.csv
ilp,0,16,32,1,32.0,1.17,0,completed,optimal,0,fixed_timeout_runs/ilp/20260630_083954/ilp_summary.csv
ilp,0,17,34,1,34.0,42.16,0,completed,optimal,0,fixed_timeout_runs/ilp/20260630_083954/ilp_summary.csv
ilp,0,18,36,1,36.0,20.47,0,completed,optimal,0,fixed_timeout_runs/ilp/20260630_083954/ilp_summary.csv
ilp,0,19,38,0,,120.01,1,failed_return_1,time_limit,1,fixed_timeout_runs/ilp/20260630_083954/ilp_summary.csv
ilp,1,10,20,1,20.0,0.01,0,completed,optimal,0,fixed_timeout_runs/ilp/20260630_114424/ilp_summary.csv
ilp,1,11,22,1,22.0,0.03,0,completed,optimal,0,fixed_timeout_runs/ilp/20260630_114424/ilp_summary.csv
ilp,1,12,24,1,24.0,0.01,0,completed,optimal,0,fixed_timeout_runs/ilp/20260630_114424/ilp_summary.csv
ilp,1,13,26,1,26.0,0.06,0,completed,optimal,0,fixed_timeout_runs/ilp/20260630_114424/ilp_summary.csv
ilp,1,14,28,1,28.0,0.42,0,completed,optimal,0,fixed_timeout_runs/ilp/20260630_114424/ilp_summary.csv
ilp,1,15,30,1,30.0,0.76,0,completed,optimal,0,fixed_timeout_runs/ilp/20260630_114424/ilp_summary.csv
ilp,1,16,32,1,32.0,10.03,0,completed,optimal,0,fixed_timeout_runs/ilp/20260630_114424/ilp_summary.csv
ilp,1,17,34,1,34.0,3.83,0,completed,optimal,0,fixed_timeout_runs/ilp/20260630_114424/ilp_summary.csv
ilp,1,18,36,1,36.0,75.85,0,completed,optimal,0,fixed_timeout_runs/ilp/20260630_114424/ilp_summary.csv
ilp,1,19,38,0,,120.01,1,failed_return_1,time_limit,1,fixed_timeout_runs/ilp/20260630_114424/ilp_summary.csv
ilp,2,10,20,1,20.0,0.01,0,completed,optimal,0,fixed_timeout_runs/ilp/20260630_151526/ilp_summary.csv
ilp,2,11,22,1,22.0,0.03,0,completed,optimal,0,fixed_timeout_runs/ilp/20260630_151526/ilp_summary.csv
ilp,2,12,24,1,24.0,0.03,0,completed,optimal,0,fixed_timeout_runs/ilp/20260630_151526/ilp_summary.csv
ilp,2,13,26,1,26.0,0.05,0,completed,optimal,0,fixed_timeout_runs/ilp/20260630_151526/ilp_summary.csv
ilp,2,14,28,1,28.0,0.18,0,completed,optimal,0,fixed_timeout_runs/ilp/20260630_151526/ilp_summary.csv
ilp,2,15,30,1,30.0,0.14,0,completed,optimal,0,fixed_timeout_runs/ilp/20260630_151526/ilp_summary.csv
ilp,2,16,32,1,32.0,1.06,0,completed,optimal,0,fixed_timeout_runs/ilp/20260630_151526/ilp_summary.csv
ilp,2,17,34,1,34.0,41.43,0,completed,optimal,0,fixed_timeout_runs/ilp/20260630_151526/ilp_summary.csv
ilp,2,18,36,0,,120.01,1,failed_return_1,time_limit,1,fixed_timeout_runs/ilp/20260630_151526/ilp_summary.csv
ilp,2,19,38,0,,120.01,1,failed_return_1,time_limit,1,fixed_timeout_runs/ilp/20260630_151526/ilp_summary.csv
ilp,3,10,20,1,20.0,0.01,0,completed,optimal,0,fixed_timeout_runs/ilp/20260702_174144/ilp_summary.csv
ilp,3,11,22,1,22.0,0.01,0,completed,optimal,0,fixed_timeout_runs/ilp/20260702_174144/ilp_summary.csv
ilp,3,12,24,1,24.0,0.04,0,completed,optimal,0,fixed_timeout_runs/ilp/20260702_174144/ilp_summary.csv
ilp,3,13,26,1,26.0,0.03,0,completed,optimal,0,fixed_timeout_runs/ilp/20260702_174144/ilp_summary.csv
ilp,3,14,28,1,28.0,0.09,0,completed,optimal,0,fixed_timeout_runs/ilp/20260702_174144/ilp_summary.csv
ilp,3,15,30,1,30.0,2.16,0,completed,optimal,0,fixed_timeout_runs/ilp/20260702_174144/ilp_summary.csv
ilp,3,16,32,1,32.0,5.51,0,completed,optimal,0,fixed_timeout_runs/ilp/20260702_174144/ilp_summary.csv
ilp,3,17,34,1,34.0,41.84,0,completed,optimal,0,fixed_timeout_runs/ilp/20260702_174144/ilp_summary.csv
ilp,3,18,36,0,,120.01,1,failed_return_1,time_limit,1,fixed_timeout_runs/ilp/20260702_174144/ilp_summary.csv
ilp,3,19,38,0,,120.01,1,failed_return_1,time_limit,1,fixed_timeout_runs/ilp/20260702_174144/ilp_summary.csv
patternboost,0,10,20,1,20.0,4.47,0,completed,solved,,fixed_timeout_runs/patternboost/20260625_084012/patternboost_summary.csv
patternboost,0,11,22,1,22.0,13.91,0,completed,solved,,fixed_timeout_runs/patternboost/20260625_084012/patternboost_summary.csv
patternboost,0,12,24,1,24.0,22.22,0,completed,solved,,fixed_timeout_runs/patternboost/20260625_084012/patternboost_summary.csv
patternboost,0,13,26,0,25.0,120.0,1,timeout,timeout,,fixed_timeout_runs/patternboost/20260625_084012/patternboost_summary.csv
patternboost,0,14,28,0,27.0,120.01,1,timeout,timeout,,fixed_timeout_runs/patternboost/20260625_084012/patternboost_summary.csv
patternboost,0,15,30,0,29.0,120.01,1,timeout,timeout,,fixed_timeout_runs/patternboost/20260625_084012/patternboost_summary.csv
patternboost,0,16,32,0,31.0,120.01,1,timeout,timeout,,fixed_timeout_runs/patternboost/20260625_084012/patternboost_summary.csv
patternboost,0,17,34,0,31.0,120.01,1,timeout,timeout,,fixed_timeout_runs/patternboost/20260625_084012/patternboost_summary.csv
patternboost,0,18,36,0,34.0,120.0,1,timeout,timeout,,fixed_timeout_runs/patternboost/20260625_084012/patternboost_summary.csv
patternboost,0,19,38,0,35.0,120.0,1,timeout,timeout,,fixed_timeout_runs/patternboost/20260625_222420/patternboost_summary.csv
patternboost,1,10,20,1,20.0,4.43,0,completed,solved,,fixed_timeout_runs/patternboost/20260630_200749/patternboost_summary.csv
patternboost,1,11,22,1,22.0,8.33,0,completed,solved,,fixed_timeout_runs/patternboost/20260630_200749/patternboost_summary.csv
patternboost,1,12,24,1,24.0,22.26,0,completed,solved,,fixed_timeout_runs/patternboost/20260630_200749/patternboost_summary.csv
patternboost,1,13,26,0,25.0,120.0,1,timeout,timeout,,fixed_timeout_runs/patternboost/20260630_200749/patternboost_summary.csv
patternboost,1,14,28,0,27.0,120.01,1,timeout,timeout,,fixed_timeout_runs/patternboost/20260630_200749/patternboost_summary.csv
patternboost,1,15,30,0,29.0,120.0,1,timeout,timeout,,fixed_timeout_runs/patternboost/20260630_200749/patternboost_summary.csv
patternboost,1,16,32,0,30.0,120.02,1,timeout,timeout,,fixed_timeout_runs/patternboost/20260630_200749/patternboost_summary.csv
patternboost,1,17,34,0,32.0,120.01,1,timeout,timeout,,fixed_timeout_runs/patternboost/20260630_200749/patternboost_summary.csv
patternboost,1,18,36,0,33.0,120.0,1,timeout,timeout,,fixed_timeout_runs/patternboost/20260630_200749/patternboost_summary.csv
patternboost,1,19,38,0,34.0,120.01,1,timeout,timeout,,fixed_timeout_runs/patternboost/20260630_200749/patternboost_summary.csv
patternboost,2,10,20,1,20.0,4.39,0,completed,solved,,fixed_timeout_runs/patternboost/20260701_104255/patternboost_summary.csv
patternboost,2,11,22,1,22.0,11.07,0,completed,solved,,fixed_timeout_runs/patternboost/20260701_104255/patternboost_summary.csv
patternboost,2,12,24,1,24.0,31.4,0,completed,solved,,fixed_timeout_runs/patternboost/20260701_104255/patternboost_summary.csv
patternboost,2,13,26,0,25.0,120.0,1,timeout,timeout,,fixed_timeout_runs/patternboost/20260701_104255/patternboost_summary.csv
patternboost,2,14,28,0,27.0,120.01,1,timeout,timeout,,fixed_timeout_runs/patternboost/20260701_104255/patternboost_summary.csv
patternboost,2,15,30,0,28.0,120.0,1,timeout,timeout,,fixed_timeout_runs/patternboost/20260701_104255/patternboost_summary.csv
patternboost,2,16,32,0,30.0,120.02,1,timeout,timeout,,fixed_timeout_runs/patternboost/20260701_104255/patternboost_summary.csv
patternboost,2,17,34,0,32.0,120.02,1,timeout,timeout,,fixed_timeout_runs/patternboost/20260701_104255/patternboost_summary.csv
patternboost,2,18,36,0,33.0,120.02,1,timeout,timeout,,fixed_timeout_runs/patternboost/20260701_104255/patternboost_summary.csv
patternboost,2,19,38,0,34.0,120.0,1,timeout,timeout,,fixed_timeout_runs/patternboost/20260701_104255/patternboost_summary.csv
patternboost,3,10,20,1,20.0,4.44,0,completed,solved,,fixed_timeout_runs/patternboost/20260702_012952/patternboost_summary.csv
patternboost,3,11,22,1,22.0,16.54,0,completed,solved,,fixed_timeout_runs/patternboost/20260702_012952/patternboost_summary.csv
patternboost,3,12,24,1,24.0,43.89,0,completed,solved,,fixed_timeout_runs/patternboost/20260702_012952/patternboost_summary.csv
patternboost,3,13,26,0,25.0,120.0,1,timeout,timeout,,fixed_timeout_runs/patternboost/20260702_012952/patternboost_summary.csv
patternboost,3,14,28,0,27.0,120.01,1,timeout,timeout,,fixed_timeout_runs/patternboost/20260702_012952/patternboost_summary.csv
patternboost,3,15,30,0,28.0,120.0,1,timeout,timeout,,fixed_timeout_runs/patternboost/20260702_012952/patternboost_summary.csv
patternboost,3,16,32,0,30.0,120.0,1,timeout,timeout,,fixed_timeout_runs/patternboost/20260702_012952/patternboost_summary.csv
patternboost,3,17,34,0,32.0,120.02,1,timeout,timeout,,fixed_timeout_runs/patternboost/20260702_012952/patternboost_summary.csv
patternboost,3,18,36,0,33.0,120.0,1,timeout,timeout,,fixed_timeout_runs/patternboost/20260702_012952/patternboost_summary.csv
patternboost,3,19,38,0,35.0,120.01,1,timeout,timeout,,fixed_timeout_runs/patternboost/20260702_012952/patternboost_summary.csv
ppo,0,10,20,1,0.0,5.54,0,completed,zero_violations,0,fixed_timeout_runs/ppo/20260623_184959/ppo_summary.csv
ppo,0,11,22,0,2.0,120.01,1,timeout,,,fixed_timeout_runs/ppo/20260623_184959/ppo_summary.csv
ppo,0,12,24,0,8.0,120.01,1,timeout,,,fixed_timeout_runs/ppo/20260623_184959/ppo_summary.csv
ppo,0,13,26,0,11.0,120.0,1,timeout,,,fixed_timeout_runs/ppo/20260623_184959/ppo_summary.csv
ppo,0,14,28,0,13.0,120.01,1,timeout,,,fixed_timeout_runs/ppo/20260623_184959/ppo_summary.csv
ppo,0,15,30,0,12.0,120.01,1,timeout,,,fixed_timeout_runs/ppo/20260623_184959/ppo_summary.csv
ppo,0,16,32,0,14.0,120.01,1,timeout,,,fixed_timeout_runs/ppo/20260623_184959/ppo_summary.csv
ppo,0,17,34,0,16.0,120.0,1,timeout,,,fixed_timeout_runs/ppo/20260623_184959/ppo_summary.csv
ppo,0,18,36,0,18.0,120.0,1,timeout,,,fixed_timeout_runs/ppo/20260623_184959/ppo_summary.csv
ppo,0,19,38,0,21.0,120.0,1,timeout,,,fixed_timeout_runs/ppo/20260623_184959/ppo_summary.csv
ppo,1,10,20,0,2.0,120.01,1,timeout,,,fixed_timeout_runs/ppo/20260703_231114/ppo_summary.csv
ppo,1,11,22,0,2.0,120.01,1,timeout,,,fixed_timeout_runs/ppo/20260703_231114/ppo_summary.csv
ppo,1,12,24,0,7.0,120.0,1,timeout,,,fixed_timeout_runs/ppo/20260703_231114/ppo_summary.csv
ppo,1,13,26,0,9.0,120.01,1,timeout,,,fixed_timeout_runs/ppo/20260703_231114/ppo_summary.csv
ppo,1,14,28,0,12.0,120.0,1,timeout,,,fixed_timeout_runs/ppo/20260703_231114/ppo_summary.csv
ppo,1,15,30,0,13.0,120.0,1,timeout,,,fixed_timeout_runs/ppo/20260703_231114/ppo_summary.csv
ppo,1,16,32,0,14.0,120.01,1,timeout,,,fixed_timeout_runs/ppo/20260703_231114/ppo_summary.csv
ppo,1,17,34,0,18.0,120.01,1,timeout,,,fixed_timeout_runs/ppo/20260703_231114/ppo_summary.csv
ppo,1,18,36,0,17.0,120.0,1,timeout,,,fixed_timeout_runs/ppo/20260703_231114/ppo_summary.csv
ppo,1,19,38,0,20.0,120.0,1,timeout,,,fixed_timeout_runs/ppo/20260703_231114/ppo_summary.csv
ppo,2,10,20,0,2.0,120.0,1,timeout,,,fixed_timeout_runs/ppo/20260704_234925/ppo_summary.csv
ppo,2,11,22,0,3.0,120.0,1,timeout,,,fixed_timeout_runs/ppo/20260704_234925/ppo_summary.csv
ppo,2,12,24,0,10.0,120.01,1,timeout,,,fixed_timeout_runs/ppo/20260704_234925/ppo_summary.csv
ppo,2,13,26,0,9.0,120.01,1,timeout,,,fixed_timeout_runs/ppo/20260704_234925/ppo_summary.csv
ppo,2,14,28,0,12.0,120.01,1,timeout,,,fixed_timeout_runs/ppo/20260704_234925/ppo_summary.csv
ppo,2,15,30,0,14.0,120.0,1,timeout,,,fixed_timeout_runs/ppo/20260704_234925/ppo_summary.csv
ppo,2,16,32,0,16.0,120.0,1,timeout,,,fixed_timeout_runs/ppo/20260704_234925/ppo_summary.csv
ppo,2,17,34,0,17.0,120.0,1,timeout,,,fixed_timeout_runs/ppo/20260704_234925/ppo_summary.csv
ppo,2,18,36,0,17.0,120.0,1,timeout,,,fixed_timeout_runs/ppo/20260704_234925/ppo_summary.csv
ppo,2,19,38,0,20.0,120.01,1,timeout,,,fixed_timeout_runs/ppo/20260704_234925/ppo_summary.csv
ppo,3,10,20,0,3.0,120.01,1,timeout,,,fixed_timeout_runs/ppo/20260705_194928/ppo_summary.csv
ppo,3,11,22,0,3.0,120.01,1,timeout,,,fixed_timeout_runs/ppo/20260705_194928/ppo_summary.csv
ppo,3,12,24,0,5.0,120.0,1,timeout,,,fixed_timeout_runs/ppo/20260705_194928/ppo_summary.csv
ppo,3,13,26,0,10.0,120.0,1,timeout,,,fixed_timeout_runs/ppo/20260705_194928/ppo_summary.csv
ppo,3,14,28,0,11.0,120.01,1,timeout,,,fixed_timeout_runs/ppo/20260705_194928/ppo_summary.csv
ppo,3,15,30,0,13.0,120.0,1,timeout,,,fixed_timeout_runs/ppo/20260705_194928/ppo_summary.csv
ppo,3,16,32,0,16.0,120.0,1,timeout,,,fixed_timeout_runs/ppo/20260705_194928/ppo_summary.csv
ppo,3,17,34,0,15.0,120.0,1,timeout,,,fixed_timeout_runs/ppo/20260705_194928/ppo_summary.csv
ppo,3,18,36,0,17.0,120.0,1,timeout,,,fixed_timeout_runs/ppo/20260705_194928/ppo_summary.csv
ppo,3,19,38,0,19.0,120.0,1,timeout,,,fixed_timeout_runs/ppo/20260705_194928/ppo_summary.csv
